hotel_name,hotel_area,poi_name,poi_weight,hotel_nearest_station,poi_nearest_station,hotel_walk_min,poi_walk_min,rough_subway_min,estimated_total_trip_min,access_score
New York Marriott Marquis,Times Square,Statue of Liberty,1.0,49 St,South Ferry,2.83,37.22,13.79,53.83,21.48
New York Marriott Marquis,Times Square,Times Square,0.95,49 St,Times Sq-42 St,2.83,0.57,3.0,6.4,83.3
New York Marriott Marquis,Times Square,Empire State Building,0.9,49 St,34 St-Herald Sq,2.83,2.82,3.0,8.64,78.12
New York Marriott Marquis,Times Square,Central Park,0.85,49 St,81 St-Museum of Natural History,2.83,5.95,5.2,13.97,67.09
New York Marriott Marquis,Times Square,Grand Central Terminal,0.8,49 St,Grand Central-42 St,2.83,1.31,3.0,7.14,81.56
New York Marriott Marquis,Times Square,The Metropolitan Museum of Art,0.75,49 St,86 St,2.83,8.22,6.49,17.54,60.59
New York Marriott Marquis,Times Square,World Trade Center,0.7,49 St,WTC Cortlandt,2.83,1.78,11.69,16.3,62.78
New York Marriott Marquis,Times Square,Brooklyn Bridge,0.65,49 St,Fulton St,2.83,11.23,11.85,25.9,47.71
New York Marriott Marquis,Times Square,Rockefeller Center,0.6,49 St,47-50 Sts-Rockefeller Ctr,2.83,2.8,3.0,8.62,78.16
New York Marriott Marquis,Times Square,Bryant Park,0.55,49 St,5 Av,2.83,1.37,3.0,7.2,81.41
New York Marriott Marquis,Times Square,Penn Station,0.5,49 St,34 St-Penn Station,2.83,2.39,3.0,8.22,79.07
New York Marriott Marquis,Times Square,MoMA,0.45,49 St,5 Av/53 St,2.83,3.08,3.0,8.9,77.54
New York Marriott Marquis,Times Square,Chelsea Market,0.4,49 St,14 St,2.83,5.16,5.16,13.14,68.69
New York Marriott Marquis,Times Square,Washington Square Park,0.35,49 St,W 4 St-Wash Sq,2.83,3.94,6.72,13.49,68.02
New York Marriott Marquis,Times Square,SoHo,0.3,49 St,Canal St,2.83,3.52,9.04,15.39,64.42
New York Marriott Marquis,Times Square,Williamsburg,0.25,49 St,Marcy Av,2.83,0.8,12.29,15.92,63.45
The Plaza Hotel,Central Park South,Statue of Liberty,1.0,5 Av/59 St,South Ferry,1.33,37.22,15.52,54.07,21.34
The Plaza Hotel,Central Park South,Times Square,0.95,5 Av/59 St,Times Sq-42 St,1.33,0.57,3.0,4.9,86.94
The Plaza Hotel,Central Park South,Empire State Building,0.9,5 Av/59 St,34 St-Herald Sq,1.33,2.82,4.15,8.29,78.9
The Plaza Hotel,Central Park South,Central Park,0.85,5 Av/59 St,81 St-Museum of Natural History,1.33,5.95,3.7,10.98,73.08
The Plaza Hotel,Central Park South,Grand Central Terminal,0.8,5 Av/59 St,Grand Central-42 St,1.33,1.31,3.0,5.64,85.12
The Plaza Hotel,Central Park South,The Metropolitan Museum of Art,0.75,5 Av/59 St,86 St,1.33,8.22,4.43,13.98,67.07
The Plaza Hotel,Central Park South,World Trade Center,0.7,5 Av/59 St,WTC Cortlandt,1.33,1.78,13.48,16.59,62.26
The Plaza Hotel,Central Park South,Brooklyn Bridge,0.65,5 Av/59 St,Fulton St,1.33,11.23,13.53,26.09,47.46
The Plaza Hotel,Central Park South,Rockefeller Center,0.6,5 Av/59 St,47-50 Sts-Rockefeller Ctr,1.33,2.8,3.0,7.13,81.58
The Plaza Hotel,Central Park South,Bryant Park,0.55,5 Av/59 St,5 Av,1.33,1.37,3.0,5.7,84.97
The Plaza Hotel,Central Park South,Penn Station,0.5,5 Av/59 St,34 St-Penn Station,1.33,2.39,4.38,8.1,79.34
The Plaza Hotel,Central Park South,MoMA,0.45,5 Av/59 St,5 Av/53 St,1.33,3.08,3.0,7.41,80.93
The Plaza Hotel,Central Park South,Chelsea Market,0.4,5 Av/59 St,14 St,1.33,5.16,7.15,13.63,67.74
The Plaza Hotel,Central Park South,Washington Square Park,0.35,5 Av/59 St,W 4 St-Wash Sq,1.33,3.94,8.55,13.82,67.38
The Plaza Hotel,Central Park South,SoHo,0.3,5 Av/59 St,Canal St,1.33,3.52,10.86,15.7,63.85
The Plaza Hotel,Central Park South,Williamsburg,0.25,5 Av/59 St,Marcy Av,1.33,0.8,12.83,14.95,65.23
"The New Yorker, A Wyndham Hotel",Penn Station / Midtown West,Statue of Liberty,1.0,34 St-Penn Station,South Ferry,0.08,37.22,11.68,48.98,24.68
"The New Yorker, A Wyndham Hotel",Penn Station / Midtown West,Times Square,0.95,34 St-Penn Station,Times Sq-42 St,0.08,0.57,3.0,3.65,90.1
"The New Yorker, A Wyndham Hotel",Penn Station / Midtown West,Empire State Building,0.9,34 St-Penn Station,34 St-Herald Sq,0.08,2.82,3.0,5.89,84.5
"The New Yorker, A Wyndham Hotel",Penn Station / Midtown West,Central Park,0.85,34 St-Penn Station,81 St-Museum of Natural History,0.08,5.95,7.4,13.43,68.13
"The New Yorker, A Wyndham Hotel",Penn Station / Midtown West,Grand Central Terminal,0.8,34 St-Penn Station,Grand Central-42 St,0.08,1.31,3.0,4.39,88.22
"The New Yorker, A Wyndham Hotel",Penn Station / Midtown West,The Metropolitan Museum of Art,0.75,34 St-Penn Station,86 St,0.08,8.22,8.78,17.09,61.38
"The New Yorker, A Wyndham Hotel",Penn Station / Midtown West,World Trade Center,0.7,34 St-Penn Station,WTC Cortlandt,0.08,1.78,9.54,11.4,72.21
"The New Yorker, A Wyndham Hotel",Penn Station / Midtown West,Brooklyn Bridge,0.65,34 St-Penn Station,Fulton St,0.08,11.23,9.79,21.09,54.73
"The New Yorker, A Wyndham Hotel",Penn Station / Midtown West,Rockefeller Center,0.6,34 St-Penn Station,47-50 Sts-Rockefeller Ctr,0.08,2.8,3.0,5.88,84.55
"The New Yorker, A Wyndham Hotel",Penn Station / Midtown West,Bryant Park,0.55,34 St-Penn Station,5 Av,0.08,1.37,3.0,4.45,88.06
"The New Yorker, A Wyndham Hotel",Penn Station / Midtown West,Penn Station,0.5,34 St-Penn Station,34 St-Penn Station,0.08,2.39,3.0,5.47,85.53
"The New Yorker, A Wyndham Hotel",Penn Station / Midtown West,MoMA,0.45,34 St-Penn Station,5 Av/53 St,0.08,3.08,3.53,6.68,82.62
"The New Yorker, A Wyndham Hotel",Penn Station / Midtown West,Chelsea Market,0.4,34 St-Penn Station,14 St,0.08,5.16,3.0,8.24,79.03
"The New Yorker, A Wyndham Hotel",Penn Station / Midtown West,Washington Square Park,0.35,34 St-Penn Station,W 4 St-Wash Sq,0.08,3.94,4.6,8.61,78.18
"The New Yorker, A Wyndham Hotel",Penn Station / Midtown West,SoHo,0.3,34 St-Penn Station,Canal St,0.08,3.52,6.9,10.49,74.09
"The New Yorker, A Wyndham Hotel",Penn Station / Midtown West,Williamsburg,0.25,34 St-Penn Station,Marcy Av,0.08,0.8,11.47,12.34,70.28
Moxy NYC Times Square,Times Square / Herald Square,Statue of Liberty,1.0,34 St-Penn Station,South Ferry,2.85,37.22,11.68,51.75,22.8
Moxy NYC Times Square,Times Square / Herald Square,Times Square,0.95,34 St-Penn Station,Times Sq-42 St,2.85,0.57,3.0,6.42,83.24
Moxy NYC Times Square,Times Square / Herald Square,Empire State Building,0.9,34 St-Penn Station,34 St-Herald Sq,2.85,2.82,3.0,8.67,78.06
Moxy NYC Times Square,Times Square / Herald Square,Central Park,0.85,34 St-Penn Station,81 St-Museum of Natural History,2.85,5.95,7.4,16.2,62.94
Moxy NYC Times Square,Times Square / Herald Square,Grand Central Terminal,0.8,34 St-Penn Station,Grand Central-42 St,2.85,1.31,3.0,7.16,81.5
Moxy NYC Times Square,Times Square / Herald Square,The Metropolitan Museum of Art,0.75,34 St-Penn Station,86 St,2.85,8.22,8.78,19.86,56.7
Moxy NYC Times Square,Times Square / Herald Square,World Trade Center,0.7,34 St-Penn Station,WTC Cortlandt,2.85,1.78,9.54,14.17,66.71
Moxy NYC Times Square,Times Square / Herald Square,Brooklyn Bridge,0.65,34 St-Penn Station,Fulton St,2.85,11.23,9.79,23.87,50.56
Moxy NYC Times Square,Times Square / Herald Square,Rockefeller Center,0.6,34 St-Penn Station,47-50 Sts-Rockefeller Ctr,2.85,2.8,3.0,8.65,78.1
Moxy NYC Times Square,Times Square / Herald Square,Bryant Park,0.55,34 St-Penn Station,5 Av,2.85,1.37,3.0,7.22,81.35
Moxy NYC Times Square,Times Square / Herald Square,Penn Station,0.5,34 St-Penn Station,34 St-Penn Station,2.85,2.39,3.0,8.25,79.01
Moxy NYC Times Square,Times Square / Herald Square,MoMA,0.45,34 St-Penn Station,5 Av/53 St,2.85,3.08,3.53,9.46,76.32
Moxy NYC Times Square,Times Square / Herald Square,Chelsea Market,0.4,34 St-Penn Station,14 St,2.85,5.16,3.0,11.01,73.01
Moxy NYC Times Square,Times Square / Herald Square,Washington Square Park,0.35,34 St-Penn Station,W 4 St-Wash Sq,2.85,3.94,4.6,11.39,72.23
Moxy NYC Times Square,Times Square / Herald Square,SoHo,0.3,34 St-Penn Station,Canal St,2.85,3.52,6.9,13.27,68.45
Moxy NYC Times Square,Times Square / Herald Square,Williamsburg,0.25,34 St-Penn Station,Marcy Av,2.85,0.8,11.47,15.12,64.92
Ace Hotel New York,NoMad,Statue of Liberty,1.0,28 St,South Ferry,0.54,37.22,10.53,48.3,25.16
Ace Hotel New York,NoMad,Times Square,0.95,28 St,Times Sq-42 St,0.54,0.57,3.0,4.11,88.91
Ace Hotel New York,NoMad,Empire State Building,0.9,28 St,34 St-Herald Sq,0.54,2.82,3.0,6.36,83.38
Ace Hotel New York,NoMad,Central Park,0.85,28 St,81 St-Museum of Natural History,0.54,5.95,8.46,14.96,65.23
Ace Hotel New York,NoMad,Grand Central Terminal,0.8,28 St,Grand Central-42 St,0.54,1.31,3.0,4.85,87.05
Ace Hotel New York,NoMad,The Metropolitan Museum of Art,0.75,28 St,86 St,0.54,8.22,9.39,18.16,59.52
Ace Hotel New York,NoMad,World Trade Center,0.7,28 St,WTC Cortlandt,0.54,1.78,8.47,10.79,73.46
Ace Hotel New York,NoMad,Brooklyn Bridge,0.65,28 St,Fulton St,0.54,11.23,8.57,20.34,55.93
Ace Hotel New York,NoMad,Rockefeller Center,0.6,28 St,47-50 Sts-Rockefeller Ctr,0.54,2.8,3.18,6.52,83.0
Ace Hotel New York,NoMad,Bryant Park,0.55,28 St,5 Av,0.54,1.37,3.0,4.92,86.89
Ace Hotel New York,NoMad,Penn Station,0.5,28 St,34 St-Penn Station,0.54,2.39,3.0,5.94,84.4
Ace Hotel New York,NoMad,MoMA,0.45,28 St,5 Av/53 St,0.54,3.08,3.97,7.6,80.49
Ace Hotel New York,NoMad,Chelsea Market,0.4,28 St,14 St,0.54,5.16,3.0,8.7,77.99
Ace Hotel New York,NoMad,Washington Square Park,0.35,28 St,W 4 St-Wash Sq,0.54,3.94,3.54,8.02,79.52
Ace Hotel New York,NoMad,SoHo,0.3,28 St,Canal St,0.54,3.52,5.84,9.91,75.35
Ace Hotel New York,NoMad,Williamsburg,0.25,28 St,Marcy Av,0.54,0.8,9.77,11.11,72.8
Lotte New York Palace,Midtown East,Statue of Liberty,1.0,5 Av/53 St,South Ferry,2.91,37.22,14.45,54.58,21.02
Lotte New York Palace,Midtown East,Times Square,0.95,5 Av/53 St,Times Sq-42 St,2.91,0.57,3.0,6.48,83.09
Lotte New York Palace,Midtown East,Empire State Building,0.9,5 Av/53 St,34 St-Herald Sq,2.91,2.82,3.15,8.88,77.6
Lotte New York Palace,Midtown East,Central Park,0.85,5 Av/53 St,81 St-Museum of Natural History,2.91,5.95,4.76,13.62,67.77
Lotte New York Palace,Midtown East,Grand Central Terminal,0.8,5 Av/53 St,Grand Central-42 St,2.91,1.31,3.0,7.22,81.36
Lotte New York Palace,Midtown East,The Metropolitan Museum of Art,0.75,5 Av/53 St,86 St,2.91,8.22,5.42,16.56,62.31
Lotte New York Palace,Midtown East,World Trade Center,0.7,5 Av/53 St,WTC Cortlandt,2.91,1.78,12.42,17.12,61.32
Lotte New York Palace,Midtown East,Brooklyn Bridge,0.65,5 Av/53 St,Fulton St,2.91,11.23,12.46,26.6,46.77
Lotte New York Palace,Midtown East,Rockefeller Center,0.6,5 Av/53 St,47-50 Sts-Rockefeller Ctr,2.91,2.8,3.0,8.71,77.97
Lotte New York Palace,Midtown East,Bryant Park,0.55,5 Av/53 St,5 Av,2.91,1.37,3.0,7.29,81.21
Lotte New York Palace,Midtown East,Penn Station,0.5,5 Av/53 St,34 St-Penn Station,2.91,2.39,3.53,8.83,77.7
Lotte New York Palace,Midtown East,MoMA,0.45,5 Av/53 St,5 Av/53 St,2.91,3.08,3.0,8.99,77.35
Lotte New York Palace,Midtown East,Chelsea Market,0.4,5 Av/53 St,14 St,2.91,5.16,6.18,14.26,66.54
Lotte New York Palace,Midtown East,Washington Square Park,0.35,5 Av/53 St,W 4 St-Wash Sq,2.91,3.94,7.51,14.37,66.33
Lotte New York Palace,Midtown East,SoHo,0.3,5 Av/53 St,Canal St,2.91,3.52,9.81,16.24,62.87
Lotte New York Palace,Midtown East,Williamsburg,0.25,5 Av/53 St,Marcy Av,2.91,0.8,11.89,15.6,64.03
Conrad New York Downtown,Battery Park City,Statue of Liberty,1.0,WTC Cortlandt,South Ferry,5.74,37.22,3.0,45.96,26.9
Conrad New York Downtown,Battery Park City,Times Square,0.95,WTC Cortlandt,Times Sq-42 St,5.74,0.57,10.75,17.06,61.42
Conrad New York Downtown,Battery Park City,Empire State Building,0.9,WTC Cortlandt,34 St-Herald Sq,5.74,2.82,9.37,17.93,59.91
Conrad New York Downtown,Battery Park City,Central Park,0.85,WTC Cortlandt,81 St-Museum of Natural History,5.74,5.95,16.88,28.58,44.2
Conrad New York Downtown,Battery Park City,Grand Central Terminal,0.8,WTC Cortlandt,Grand Central-42 St,5.74,1.31,10.69,17.75,60.23
Conrad New York Downtown,Battery Park City,The Metropolitan Museum of Art,0.75,WTC Cortlandt,86 St,5.74,8.22,17.81,31.78,40.33
Conrad New York Downtown,Battery Park City,World Trade Center,0.7,WTC Cortlandt,WTC Cortlandt,5.74,1.78,3.0,10.52,74.03
Conrad New York Downtown,Battery Park City,Brooklyn Bridge,0.65,WTC Cortlandt,Fulton St,5.74,11.23,3.0,19.97,56.52
Conrad New York Downtown,Battery Park City,Rockefeller Center,0.6,WTC Cortlandt,47-50 Sts-Rockefeller Ctr,5.74,2.8,11.64,20.18,56.18
Conrad New York Downtown,Battery Park City,Bryant Park,0.55,WTC Cortlandt,5 Av,5.74,1.37,10.64,17.75,60.22
Conrad New York Downtown,Battery Park City,Penn Station,0.5,WTC Cortlandt,34 St-Penn Station,5.74,2.39,9.54,17.67,60.35
Conrad New York Downtown,Battery Park City,MoMA,0.45,WTC Cortlandt,5 Av/53 St,5.74,3.08,12.42,21.24,54.5
Conrad New York Downtown,Battery Park City,Chelsea Market,0.4,WTC Cortlandt,14 St,5.74,5.16,6.7,17.6,60.48
Conrad New York Downtown,Battery Park City,Washington Square Park,0.35,WTC Cortlandt,W 4 St-Wash Sq,5.74,3.94,4.97,14.65,65.79
Conrad New York Downtown,Battery Park City,SoHo,0.3,WTC Cortlandt,Canal St,5.74,3.52,3.0,12.26,70.44
Conrad New York Downtown,Battery Park City,Williamsburg,0.25,WTC Cortlandt,Marcy Av,5.74,0.8,9.21,15.75,63.76
"The Standard, High Line",Meatpacking District,Statue of Liberty,1.0,8 Av,South Ferry,5.76,37.22,8.59,51.57,22.91
"The Standard, High Line",Meatpacking District,Times Square,0.95,8 Av,Times Sq-42 St,5.76,0.57,4.54,10.87,73.31
"The Standard, High Line",Meatpacking District,Empire State Building,0.9,8 Av,34 St-Herald Sq,5.76,2.82,3.33,11.9,71.17
"The Standard, High Line",Meatpacking District,Central Park,0.85,8 Av,81 St-Museum of Natural History,5.76,5.95,10.59,22.3,52.88
"The Standard, High Line",Meatpacking District,Grand Central Terminal,0.8,8 Av,Grand Central-42 St,5.76,1.31,5.09,12.16,70.65
"The Standard, High Line",Meatpacking District,The Metropolitan Museum of Art,0.75,8 Av,86 St,5.76,8.22,11.86,25.84,47.79
"The Standard, High Line",Meatpacking District,World Trade Center,0.7,8 Av,WTC Cortlandt,5.76,1.78,6.42,13.96,67.1
"The Standard, High Line",Meatpacking District,Brooklyn Bridge,0.65,8 Av,Fulton St,5.76,11.23,6.79,23.77,50.7
"The Standard, High Line",Meatpacking District,Rockefeller Center,0.6,8 Av,47-50 Sts-Rockefeller Ctr,5.76,2.8,5.52,14.08,66.88
"The Standard, High Line",Meatpacking District,Bryant Park,0.55,8 Av,5 Av,5.76,1.37,4.67,11.81,71.37
"The Standard, High Line",Meatpacking District,Penn Station,0.5,8 Av,34 St-Penn Station,5.76,2.39,3.18,11.34,72.33
"The Standard, High Line",Meatpacking District,MoMA,0.45,8 Av,5 Av/53 St,5.76,3.08,6.47,15.3,64.58
"The Standard, High Line",Meatpacking District,Chelsea Market,0.4,8 Av,14 St,5.76,5.16,3.0,13.92,67.19
"The Standard, High Line",Meatpacking District,Washington Square Park,0.35,8 Av,W 4 St-Wash Sq,5.76,3.94,3.0,12.7,69.56
"The Standard, High Line",Meatpacking District,SoHo,0.3,8 Av,Canal St,5.76,3.52,3.81,13.1,68.79
"The Standard, High Line",Meatpacking District,Williamsburg,0.25,8 Av,Marcy Av,5.76,0.8,10.29,16.85,61.79
Arlo SoHo,SoHo / Hudson Square,Statue of Liberty,1.0,Canal St,South Ferry,2.65,37.22,4.79,44.65,27.92
Arlo SoHo,SoHo / Hudson Square,Times Square,0.95,Canal St,Times Sq-42 St,2.65,0.57,8.11,11.32,72.36
Arlo SoHo,SoHo / Hudson Square,Empire State Building,0.9,Canal St,34 St-Herald Sq,2.65,2.82,6.74,12.2,70.57
Arlo SoHo,SoHo / Hudson Square,Central Park,0.85,Canal St,81 St-Museum of Natural History,2.65,5.95,14.24,22.84,52.08
Arlo SoHo,SoHo / Hudson Square,Grand Central Terminal,0.8,Canal St,Grand Central-42 St,2.65,1.31,8.12,12.08,70.81
Arlo SoHo,SoHo / Hudson Square,The Metropolitan Museum of Art,0.75,Canal St,86 St,2.65,8.22,15.22,26.09,47.45
Arlo SoHo,SoHo / Hudson Square,World Trade Center,0.7,Canal St,WTC Cortlandt,2.65,1.78,3.0,7.43,80.88
Arlo SoHo,SoHo / Hudson Square,Brooklyn Bridge,0.65,Canal St,Fulton St,2.65,11.23,3.0,16.87,61.75
Arlo SoHo,SoHo / Hudson Square,Rockefeller Center,0.6,Canal St,47-50 Sts-Rockefeller Ctr,2.65,2.8,9.0,14.45,66.17
Arlo SoHo,SoHo / Hudson Square,Bryant Park,0.55,Canal St,5 Av,2.65,1.37,8.01,12.03,70.9
Arlo SoHo,SoHo / Hudson Square,Penn Station,0.5,Canal St,34 St-Penn Station,2.65,2.39,6.9,11.94,71.1
Arlo SoHo,SoHo / Hudson Square,MoMA,0.45,Canal St,5 Av/53 St,2.65,3.08,9.81,15.54,64.15
Arlo SoHo,SoHo / Hudson Square,Chelsea Market,0.4,Canal St,14 St,2.65,5.16,4.09,11.89,71.19
Arlo SoHo,SoHo / Hudson Square,Washington Square Park,0.35,Canal St,W 4 St-Wash Sq,2.65,3.94,3.0,9.59,76.03
Arlo SoHo,SoHo / Hudson Square,SoHo,0.3,Canal St,Canal St,2.65,3.52,3.0,9.17,76.96
Arlo SoHo,SoHo / Hudson Square,Williamsburg,0.25,Canal St,Marcy Av,2.65,0.8,8.79,12.24,70.49
citizenM New York Bowery,Bowery / Lower East Side,Statue of Liberty,1.0,Bowery,South Ferry,1.01,37.22,5.24,43.47,28.88
citizenM New York Bowery,Bowery / Lower East Side,Times Square,0.95,Bowery,Times Sq-42 St,1.01,0.57,8.04,9.62,75.97
citizenM New York Bowery,Bowery / Lower East Side,Empire State Building,0.9,Bowery,34 St-Herald Sq,1.01,2.82,6.63,10.45,74.19
citizenM New York Bowery,Bowery / Lower East Side,Central Park,0.85,Bowery,81 St-Museum of Natural History,1.01,5.95,14.09,21.04,54.82
citizenM New York Bowery,Bowery / Lower East Side,Grand Central Terminal,0.8,Bowery,Grand Central-42 St,1.01,1.31,7.57,9.89,75.39
citizenM New York Bowery,Bowery / Lower East Side,The Metropolitan Museum of Art,0.75,Bowery,86 St,1.01,8.22,14.67,23.9,50.52
citizenM New York Bowery,Bowery / Lower East Side,World Trade Center,0.7,Bowery,WTC Cortlandt,1.01,1.78,3.61,6.39,83.3
citizenM New York Bowery,Bowery / Lower East Side,Brooklyn Bridge,0.65,Bowery,Fulton St,1.01,11.23,3.22,15.46,64.3
citizenM New York Bowery,Bowery / Lower East Side,Rockefeller Center,0.6,Bowery,47-50 Sts-Rockefeller Ctr,1.01,2.8,8.8,12.6,69.77
citizenM New York Bowery,Bowery / Lower East Side,Bryant Park,0.55,Bowery,5 Av,1.01,1.37,7.73,10.11,74.92
citizenM New York Bowery,Bowery / Lower East Side,Penn Station,0.5,Bowery,34 St-Penn Station,1.01,2.39,7.12,10.52,74.04
citizenM New York Bowery,Bowery / Lower East Side,MoMA,0.45,Bowery,5 Av/53 St,1.01,3.08,9.41,13.5,68.0
citizenM New York Bowery,Bowery / Lower East Side,Chelsea Market,0.4,Bowery,14 St,1.01,5.16,4.77,10.93,73.17
citizenM New York Bowery,Bowery / Lower East Side,Washington Square Park,0.35,Bowery,W 4 St-Wash Sq,1.01,3.94,3.0,7.95,79.69
citizenM New York Bowery,Bowery / Lower East Side,SoHo,0.3,Bowery,Canal St,1.01,3.52,3.0,7.53,80.65
citizenM New York Bowery,Bowery / Lower East Side,Williamsburg,0.25,Bowery,Marcy Av,1.01,0.8,6.65,8.45,78.55
The William Vale,Williamsburg,Statue of Liberty,1.0,Nassau Av,South Ferry,6.5,37.22,11.65,55.37,20.55
The William Vale,Williamsburg,Times Square,0.95,Nassau Av,Times Sq-42 St,6.5,0.57,9.13,16.2,62.95
The William Vale,Williamsburg,Empire State Building,0.9,Nassau Av,34 St-Herald Sq,6.5,2.82,8.31,17.63,60.43
The William Vale,Williamsburg,Central Park,0.85,Nassau Av,81 St-Museum of Natural History,6.5,5.95,13.11,25.56,48.17
The William Vale,Williamsburg,Grand Central Terminal,0.8,Nassau Av,Grand Central-42 St,6.5,1.31,7.42,15.23,64.72
The William Vale,Williamsburg,The Metropolitan Museum of Art,0.75,Nassau Av,86 St,6.5,8.22,12.22,26.95,46.3
The William Vale,Williamsburg,World Trade Center,0.7,Nassau Av,WTC Cortlandt,6.5,1.78,10.65,18.94,58.21
The William Vale,Williamsburg,Brooklyn Bridge,0.65,Nassau Av,Fulton St,6.5,11.23,9.92,27.65,45.39
The William Vale,Williamsburg,Rockefeller Center,0.6,Nassau Av,47-50 Sts-Rockefeller Ctr,6.5,2.8,9.11,18.41,59.1
The William Vale,Williamsburg,Bryant Park,0.55,Nassau Av,5 Av,6.5,1.37,8.3,16.18,62.99
The William Vale,Williamsburg,Penn Station,0.5,Nassau Av,34 St-Penn Station,6.5,2.39,9.39,18.29,59.3
The William Vale,Williamsburg,MoMA,0.45,Nassau Av,5 Av/53 St,6.5,3.08,8.87,18.45,59.02
The William Vale,Williamsburg,Chelsea Market,0.4,Nassau Av,14 St,6.5,5.16,9.23,20.9,55.04
The William Vale,Williamsburg,Washington Square Park,0.35,Nassau Av,W 4 St-Wash Sq,6.5,3.94,8.47,18.92,58.25
The William Vale,Williamsburg,SoHo,0.3,Nassau Av,Canal St,6.5,3.52,9.28,19.3,57.61
The William Vale,Williamsburg,Williamsburg,0.25,Nassau Av,Marcy Av,6.5,0.8,3.78,11.08,72.86
Hampton Inn Brooklyn Downtown,Downtown Brooklyn,Statue of Liberty,1.0,Jay St-MetroTech,South Ferry,5.5,37.22,5.17,47.88,25.46
Hampton Inn Brooklyn Downtown,Downtown Brooklyn,Times Square,0.95,Jay St-MetroTech,Times Sq-42 St,5.5,0.57,14.19,20.25,56.06
Hampton Inn Brooklyn Downtown,Downtown Brooklyn,Empire State Building,0.9,Jay St-MetroTech,34 St-Herald Sq,5.5,2.82,12.8,21.11,54.7
Hampton Inn Brooklyn Downtown,Downtown Brooklyn,Central Park,0.85,Jay St-MetroTech,81 St-Museum of Natural History,5.5,5.95,19.98,31.43,40.74
Hampton Inn Brooklyn Downtown,Downtown Brooklyn,Grand Central Terminal,0.8,Jay St-MetroTech,Grand Central-42 St,5.5,1.31,13.34,20.15,56.23
Hampton Inn Brooklyn Downtown,Downtown Brooklyn,The Metropolitan Museum of Art,0.75,Jay St-MetroTech,86 St,5.5,8.22,20.08,33.8,38.07
Hampton Inn Brooklyn Downtown,Downtown Brooklyn,World Trade Center,0.7,Jay St-MetroTech,WTC Cortlandt,5.5,1.78,6.22,13.5,68.0
Hampton Inn Brooklyn Downtown,Downtown Brooklyn,Brooklyn Bridge,0.65,Jay St-MetroTech,Fulton St,5.5,11.23,5.18,21.9,53.49
Hampton Inn Brooklyn Downtown,Downtown Brooklyn,Rockefeller Center,0.6,Jay St-MetroTech,47-50 Sts-Rockefeller Ctr,5.5,2.8,14.81,23.1,51.69
Hampton Inn Brooklyn Downtown,Downtown Brooklyn,Bryant Park,0.55,Jay St-MetroTech,5 Av,5.5,1.37,13.72,20.59,55.52
Hampton Inn Brooklyn Downtown,Downtown Brooklyn,Penn Station,0.5,Jay St-MetroTech,34 St-Penn Station,5.5,2.39,13.43,21.32,54.39
Hampton Inn Brooklyn Downtown,Downtown Brooklyn,MoMA,0.45,Jay St-MetroTech,5 Av/53 St,5.5,3.08,15.23,23.8,50.66
Hampton Inn Brooklyn Downtown,Downtown Brooklyn,Chelsea Market,0.4,Jay St-MetroTech,14 St,5.5,5.16,11.15,21.81,53.63
Hampton Inn Brooklyn Downtown,Downtown Brooklyn,Washington Square Park,0.35,Jay St-MetroTech,W 4 St-Wash Sq,5.5,3.94,9.26,18.7,58.61
Hampton Inn Brooklyn Downtown,Downtown Brooklyn,SoHo,0.3,Jay St-MetroTech,Canal St,5.5,3.52,7.63,16.65,62.14
Hampton Inn Brooklyn Downtown,Downtown Brooklyn,Williamsburg,0.25,Jay St-MetroTech,Marcy Av,5.5,0.8,5.96,12.26,70.46
